{
  "name": "Help Car - Помощь на дорогах",
  "short_name": "Help Car",
  "description": "P2P платформа взаимопомощи для автомобилистов России",
  "start_url": "/",
  "display": "standalone",
  "background_color": "#ffffff",
  "theme_color": "#2563EB",
  "orientation": "portrait",
  "icons": [
    {
      "src": "/icons/icon-192x192.png",
      "sizes": "192x192",
      "type": "image/png",
      "purpose": "any"
    },
    {
      "src": "/icons/icon-512x512.png",
      "sizes": "512x512",
      "type": "image/png",
      "purpose": "any"
    },
    {
      "src": "/icons/icon-512x512.png",
      "sizes": "512x512",
      "type": "image/png",
      "purpose": "maskable"
    }
  ],
  "categories": ["navigation", "utilities", "travel"],
  "prefer_related_applications": false
}




























